190003,Aadeesh74
190005,ac9117033
190006,Aakash9629
190007,asur
190013,baaryavansh
190016,Stellarator_X
190017,mabhay
190018,abhayyadav732001
190019,apsingh_007
190023,abhimanyusethia12
190031,matrix101
190042,abhshk
190050,Adarshb
190054,Adit.Khokar666
190058,immaditya
190064,Anstar019
190065,legolas_ap
190068,Zark84010
190069,Hitchhiker224
190070,speckrel
190071,aryanag
190079,Akarshr
190099,rialkush
190100,thakuralok2000
190103,amandixit04
190106,amanj5486
190114,pseudo_nymous
190117,amitsgh
190120,Amitesh163
190125,anantps
190131,go_ch
190133,anhad
190134,aniket0047
190143,scarr_7887
190147,rananjali_
190153,anmol_ag
190158,anshit23
190159,Anshul_Agarwal
190163,jatt-on-hunt
190164,anubhavkalyani
190165,anujplania
190175,arka19das
190177,Arpitsg
190178,A_v
190196,AshwaniSrivastava
190197,AsishKM
190200,AthaSSiN
190201,atreyagoswami
190203,arthur_08
190209,ayush29azad
190213,luvaayush15
190220,ayushi117
190229,Bhagwat
190233,Bhaumik
190234,Bhavikar
190244,chaitanyasahni1
190246,chandrashekhar31jan
190253,rockstar2514
190254,Inferius922
190272,devansh20
190274,Devanshu_Singla
190284,ashwith
190289,dhriti
190291,summerbrander
190292,Mdhruv
190297,dikshabanka
190306,dipanshugarg
190307,divyansh007
190309,divigarg2002
190316,19Divyanshu23
190317,divyg420
190320,diyans
190332,gsrujith28
190337,gauravkg921
190348,9006543291
190349,gurbaazsn123
190353,hardiksh0512
190360,Phoenix23
190372,harsharya
190377,hima0507
190378,Blacked
190379,pshimanshu
190380,Himanshu_13
190383,Hrithik1211
190390,Ishit
190393,dnyandeep564
190394,Jahnvi18
190402,sjayesh
190418,kartikjh
190426,Alephbet
190428,ketanch
190438,Kranky2001 
190439,_lohomi
190440,kritin19
190446,krajnish985
190459,lochanggc1063
190460,lokesh20018
190471,sree2020
190474,mamta_321
190484,manit_ajmera
190489,maulik_13
190491,Hallelujahrasia
190495,renmm14
190503,Muzzammil314159
190508,mohitms
190512,Mriduldu
190521,bhuvan14335
190523,Naiza
190524,nakulj
190525,nakulneeraje98
190526,lightbender
190527,c0d3rpr0
190535,naveen172
190545,nibir2893
190547,nikejain
190556,nirbhipareek
190566,bleh444
190579,Padam_Sharma
190588,Parikshit_2001
190589,parth1211
190593,aditya43
190600,piyuagr
190620,pranabpandey
190621,pranavkumar1423
190634,jain_prateek
190638,Pratech
190641,eleganc
190649,PriyankaJ
190650,coder_bhusan
190651,priykr
190652,puyadav
190653,protyaydeep05
190671,_veraxprogs_
190675,rjkryv
190676,grajat
190678,Rajat007
190695,king-in-the-south
190701,dungeon_master22
190709,ritikb
190714,rohanblueboybaijal
190715,rohankj01
190721,RoushanP
190727,S7a2a7d
190737,sahilsundaiit
190739,Saket2425
190741,saksham132
190742,saksham_7
190753,Sanchit1483
190758,sjpander
190759,Sanjay422
190765,Sanyukat
190768,Charuu
190772,sarthak2024
190773,poseidon078
190779,cabbages
190797,agarwalshashwat2004
190798,shaunakkaushik
190800,Harsh_9119
190804,shivamagarwal42157
190805,goelshivam006
190808,shivammalhotra
190809,mr_robot101
190814,Spazewalker
190816,catchmeifyocan
190818,shoryak
190823,shreyanilbhuyan11rta
190828,shubh101220001
190840,sidbro
190843,sidwat
190845,snsri
190852,soruki8026
190860,spy_23
190861,_sparsh_
190862,s9174975022
190870,suhassuhas2001
190894,cschill
190896,101.T.123
190897,tanmay30
190901,imcoder_tarunag
190902,taruntk
190905,tej4826
190918,tsingla07
190920,UNP
190924,blee
190949,invert_tower
190950,i_am_a_robot
190951,vatsalc
190963,Vijayabd
190976,viplavp
190983,SinghVishwaraj
190988,vksingh.iitk28
190989,kevivredoc
190991,Vrahant
190993,amanydv
190995,BYasD
190998,yashgupta2224
191177,heavier_fire